"vbuck/magento-gravatar","1399226006","1433179211"
"webcomm/magento-boilerplate","1380064942","1456703735"
"mannebusk/magento-devpanel","1424761947","1433709491"
"magentoexpert/Magento-Order-Import-Export","1457381831","1457469749"
"StudioForty9/Recaptcha","1417665945","1473344146"
"thiagolima-bm/correios-4.3.0","1409246380","1409242874"
"Dan-Magebinary/magentoo","1410849965","1410846526"
"islandskater43/amazon-payments-magento-plugin","1415919485","1456851254"
"fecka/eMerchantPay-Magento","1375175942","1376383136"
"idziakjakub/Csv_MailSender","1424112583","1424376380"
"shopixco/magento-add-to-cart-matrix","1423791253","1423793520"
"tiramizoo/magento-plugin","1336661596","1391784310"
"thecvsi/magento-facebook-pixel","1464178872","1482917232"
"e-stonia/mag_profitel","1394465741","1400012538"
"progammer-rkt/magento-set-page-size","1406609794","1436163448"
"fecka/ImpactTag-Magento","1377257849","1377257346"
"gralec99/magengra","1436871801","1437483570"
"Zefiryn/Zefir_NoRoute","1405765044","1405761538"
"p-makowski/robots","1447353905","1464546454"
"rafaelstz/correios","1422036175","1418653512"
"sitewards/cookie_notice","1476712006","1476953447"
"cmichi/magento-on-latex","1285881712","1288721665"
"pagseguro/magento","1360850493","1485370343"
"ffuenf/Webguys_CustomerNavigation","1347896224","1433407595"
"mnjsngh/Magento-Extensions","1437296320","1460909062"
"lilmuckers/magento-lilmuckers_queue","1376164819","1492087013"
"LogicSpot/Magento_Core","1430841295","1479483670"
"delhivery/dv-utils","1373964349","1493198838"
"georgebabarus/mage-top-menu","1406626300","1415124071"
"outeredge/edge-magento-module-base","1392288766","1489162515"
"YouweGit/entitytype-manager","1418216323","1454576498"
"gamuzabrasil/gamuza_labels-magento","1395332505","1463174208"
"payu-br/magento-transparente","1439411465","1459882757"
"renatocason/reindeersw-swedbankbanklink","1416072988","1416073219"
"ffuenf/Ffuenf_TransactionalEmails","1453903912","1457896517"
"p-makowski/product-block-form-key-fix","1446380923","1446498731"
"salt4pommes/configurables-always-saleable","1373960813","1373960636"
"ngocanh/megentoo-later-scripts","1392143529","1392143775"
"Eristoff47/P2","1412237752","1412259201"
"StudioForty9/Twilio","1438031950","1438087427"
"BEST-IT-SOFTWARE/magentoce","1383215869","1383305249"
"outeredge/edge-magento-module-catalogfilter","1421324049","1463042767"
"kkdg/magento-jogging","1420611925","1450252031"
"outeredge/edge-magento-module-reportunsoldproducts","1432640041","1436440582"
"myCentergr/Magento-URLCaseInsensitive","1417981782","1422631411"
"linusshops/kickbox-magento","1448566453","1458335464"
"epointwebsolutions/SwissPost-ERP-Magento-connector","1462538469","1472190506"
"jasontipton/Magento-Gumby","1422853956","1423453911"
"magefm/static-versioning","1401889385","1416915068"
"rendler-denis/EnhancedCoupon","1425282319","1427028203"
"TriplesenseReply/plugin_magento_160","1401871722","1474007434"
"outeredge/edge-magento-module-api","1412350677","1416488515"
"rafaelpatro/Quack-BB","1439678097","1492681452"
"blackbirdtech/merlin-magento","1449782231","1468817122"
"gamuzabrasil/gamuza_itaushopline-magento","1395331738","1485223319"
"netalico/Netalico_AdminOrderItem","1442182428","1442179001"
"Flagbit/magento-turpentine","1407313497","1490775341"
"LogicSpot/magebanner","1401904529","1405666983"
"ftorresarr/magento_estafeta","1441902734","1441911823"
"georgebabarus/mage-eav-option-performance-fix","1406956454","1424957116"
"integer-net/solr-magento1","1475234532","1492756396"
"ianitsky/RootCategory","1415382927","1415799885"
"kschroeder/Magento-Realtime-Logger","1421088289","1421088863"
"jeremyBass/WSUMAGE-mediacontroll","1384962537","1410656095"
"leoliew/magento-onepage","1432831241","1433064670"
"SketchMagento/mage_crowdfunding","1484742637","1485246084"
"Skinwalker/PixelMage_DHLRetoure","1386428519","1386440376"
"rafaelstz/magento-correios-rastreio","1423592595","1428001330"
"minhtc/Magento-FrontAdmin","1412264971","1475138778"
"meanbee/Magento-SVG-Helper","1415136843","1463829567"
"eniuz/NewRelic","1442580147","1440555988"
"MagentoRemotely/ReviewGatekeeper","1479344518","1479691190"
"eltrino/Compatibility","1427225650","1427801459"
"renatocason/reindeersw-dnbbanklink","1416073687","1416073807"
"firewizard/Mandagreen_CurrencyRates","1393945652","1466586920"
"macopedia/MultiStock","1438086871","1452175474"
"cArLiiToX/dtstore","1416951222","1424438146"
"LianaTech/magento-cemimport","1385706607","1487936762"
"both-interact/Magento-MassShipment","1442411177","1444019073"
"zhibek/magento-scriptable-config","1433075456","1443694445"
"magefm/cielo","1394482607","1394655164"
"DanielSousa/CmsUploadImages","1423570064","1423570676"
"renatocason/reindeersw-siauliuibpay","1416073894","1416073985"
"ReeCreate/magento-pagetitle","1444996852","1446119700"
"SimplyMagento/magento-register-guest","1417767940","1423482485"
"vindi/vindi-magento","1434740736","1481314997"
"askwhyweb/404-Replacement-with-301-Redirect-To-Homepage","1415652916","1415654351"
"engrKaka/Popupbasic","1447958873","1450435566"
"corlletelab/CorlleteLab_Base","1396259111","1396259447"
"uab-balticode/dpd-shipping-module-magento-2","1446557367","1448359465"
"MaryMasjerach/magento-1","1442607333","1442603849"
"aaronthorp/OrderSyncQueRunner","1443141081","1435184876"
"Pagomio/pagomio-magento-plugin","1430249843","1437508710"
"archy-bold/magento-boilerplate","1439303263","1439386927"
"schellj/retailops_magento","1437761706","1436752967"
"outeredge/edge-magento-module-productrestrictshipping","1444400541","1449074187"
"dimitri-koenig/magento-pjax","1432293482","1441178044"
"gamuzabrasil/gamuza_slips-magento","1395332387","1474501519"
"wuchangqian/zudress","1402558988","1419096077"
"ZetaPrints/ZetaPrints_WebToPrint","1446101454","1446257131"
"barbanet/magento-dc-mercadopagoplus","1437077829","1444603199"
"vbuck/rootd-link","1409370447","1409786289"
"Zefiryn/magento-dealers","1393541389","1420239728"
"designcoil/EditReviewDate","1427825635","1427822573"
"SunCrescent/virtexpayment","1385832523","1385877955"
"outeredge/edge-magento-module-stockreminder","1441195521","1476357421"
"infabo/Ffuenf_CategoryProductSortBackend","1443535973","1434312747"
"00F100/administrar-twitter-bootstrap-carousel-magento","1413204193","1417278946"
"smbale/magento-elasticsearch","1440890983","1427217147"
"payhubbuilder/payhub-magento","1410203415","1465931785"
"bonhills/Magento-Catalog-Import","1449677958","1453116152"
"tzyganu/floating-message","1407407423","1407405725"
"thampe/angular-mage","1410088726","1420751919"
"AOEpeople/Aoe_AsyncCache","1322606554","1464766950"
"udovicic/Magento_Custom_Shipping","1406056783","1433221692"
"onticsoluciones/nofraud","1480619349","1480823188"
"outeredge/edge-magento-module-printproof","1393243805","1466409817"
"colinmurphy/studioforty9-banner","1448825668","1471027245"
"PrintNode/PrintNode-Magento","1441193248","1476713698"
"infoitservit/mag_itserv_currency","1450712507","1450892832"
"outeredge/edge-magento-module-importattributeoptions","1426582862","1426690376"
"dabio/magento-singleshipping","1373355611","1374736507"
"ProxiBlue/ConfigGen","1383631219","1469052528"
"get4cast/sales_forecast_for_magento","1462756838","1468510075"
"perichus/magento-dc-brandmanager","1437992808","1437993941"
"kalenjordan/magesplit","1379026914","1411418634"
"KLVTZ/Magento-YRC-RateQuote-Extension","1421180056","1423424901"
"yumerov/magento-learning","1440598215","1444282052"
"Genmato/ProductProfit","1424357125","1473928367"
"AOEpeople/Aoe_HealthCheck","1413425033","1450820901"
"Instapago/magento-extension","1417201452","1417202664"
"morgan/magento-catalogue","1391928848","1392014272"
"PagueVeloz/ClientAPI","1380034170","1416178736"
"ProxiBlue/reCaptcha","1406696786","1491464340"
"erplyopensource/magento-integration","1377591747","1377673678"
"lynxtdc/mageplay","1425438721","1426132782"
"Militree/AjaxSwatches","1441806009","1441800458"
"mygento/simplepay","1439321535","1440763025"
"igorwulff/magento","1407481039","1412945493"
"andkirby/config-set","1434619779","1434962473"
"bitbull-team/easy-shipping-rules","1443557374","1443555147"
"leaubout/P2","1412237950","1412259260"
"webgriffe/b-responsive","1398324377","1433342190"
"monsieurbiz/Mbiz_RobotsTxt","1385044210","1465580043"
"outeredge/edge-magento-module-collectfromstore","1416393862","1416488122"
"productify/magento-importer","1410497957","1410494627"
"patrickward/bitanical-storelocator","1372780078","1404603522"
"keegan2149/magento","1378335243","1378332264"
"gabi77/Gabi77_RemarketingTags","1427699903","1427780150"
"nanawel/Arrakis_404EverGone","1407665492","1407682086"
"tim-reynolds/Envalo_Backup","1395352925","1395367640"
"newsjunk/magepaything","1450423890","1445351552"
"linusshops/magento-turpentine","1428445034","1456845547"
"praxigento/z_mage_composer_prj_01","1419353238","1419595375"
"Meabed/magento-buy-x-get-the-cheapest-y-for-free","1398981907","1419883072"
"ffuenf/Ffuenf_UpdateScripts","1446847965","1459514508"
"Flagbit/Magento-FACTFinder","1331207566","1489501078"
"Genmato/Payment","1424356580","1445323065"
"ProxiBlue/Technooze_Tproductschedule","1427855975","1432522515"
"bery/Summit_Helloworld","1395155980","1395394451"
"itabs/Itabs_CustomSku","1423230853","1423340755"
"ryanlfoster/admin-theme","1415083685","1414647364"
"eugen814/magento-rewritesoptimizer","1413285503","1413814006"
"eriksimonic/magento_ace_editor","1422304888","1422382276"
"flintdigital/mage-mod-turpentine-nexcess","1437673919","1435328013"
"fatalerrortan/Magento_Refundbanking","1450737493","1470784572"
"magespecialist/MSP_TwoFactorAuthentication_M1","1466526548","1466596295"
"abstract-open-solutions/MagentoExtendedAPI","1423816642","1424702239"
"meanbee/magento-mailcheck","1402140610","1442237983"
"augustash/ash_disablecart","1406145870","1427769188"
"zschuessler/QuarkBar","1331486659","1357262156"
"Adyen/magento","1397649875","1493108708"
"helirexi/Aoe_TemplateHints","1431813018","1435330084"
"kongqingfu/magento-boilerplate","1443406018","1442789689"
"SchumacherFM/Magento-FastIndexer","1375056753","1435383054"
"tzyganu/direct-link","1416494815","1416497279"
"psonify/magento-plugin","1410350802","1435673809"
"shopixco/magento-clixgalore","1380165898","1427959859"
"tzyganu/MagentoTranslationTool","1382008545","1441699293"
"flancer32/mage_ext_api_pp_sdk","1428561612","1430200337"
"magefm/cdn","1389112668","1408122074"
"pasinter/magento-browse-by-attribute","1430501804","1431465368"
"Jongosi/TC_Currency","1392412782","1392412912"
"easingthemes/dot-magento","1421075990","1421800029"
"inviqa/magento-symfony-container","1432115952","1474285901"
"QiuLihua83/Magento_with_some_popular_mods","1461717187","1461758462"
"centime/magento-footer-js","1439946989","1438873565"
"ericthehacker/magento-themefallbackfix","1396897241","1414808021"
"otimizar/shoptarget","1455205707","1455226503"
"TheGenieLab/magento-turpentine","1429687953","1434960889"
"vasuscoin/Promotion-Banners","1443097637","1443094328"
"Billmate/magento","1389776119","1492493884"
"dopiaza/magento-ec-sales-list","1443953307","1444478432"
"sentientmatter/MagentoSimpleCron","1327030743","1329881467"
"GLD110/magento","1459168298","1473565174"
"AnyMarket/magento","1446201004","1490879992"
"shb/magento-shb-dataflow","1432139506","1440597377"
"augustash/ash_jreject","1424286852","1453269365"
"colinmurphy/studioforty9-canonical","1448141802","1448828201"
"vmasciotta/magento-cprosp","1454325388","1454534150"
"hteixe/senactsi_4sem","1458235767","1474330083"
"gbinside/gbinside_feedback","1442828317","1450090153"
"jahvi/Jvs_ImageResize","1422838152","1422838503"
"5452/durex","1411462033","1411881936"
"outeredge/edge-magento-module-currencyflag","1442323122","1445430014"
"AOEpeople/Aoe_BackendDefaultLanguage","1359371897","1404115223"
"SwiftOtter/Modules","1392314361","1392325611"
"borriglione/Borriglione_FacebookConversion","1400076181","1403181036"
"quafzi/Hackathon_MageMonitoring","1413204120","1401125453"
"msherer/mattgento","1440371915","1448217315"
"nexcess/magento-turpentine","1345237338","1487966929"
"fatalerrortan/Magento_Yandexmetrica","1450735466","1451161621"
"vasilii-b/category_bottom_description","1477938561","1478030239"
"deivisonarthur/Modgit-Order-Monitor","1354063505","1329244869"
"Genmato/UnCancel","1424357681","1449755956"
"magento-ecg/address-verification","1375714840","1377677358"
"ffuenf/Ffuenf_AttributeOptions","1430064616","1434314295"
"outeredge/edge-magento-module-contactsspam","1448455747","1452167156"
"praxigento/mage_ext_ips","1426507144","1432892713"
"ooworx/magento-subcategorieswidget","1467241181","1469740197"
"eperrotta/Ep_Coremodifies","1478435016","1479832358"
"chuckdrew/mailgun_magento","1403291290","1450617303"
"xl-team/OpenReact_Magento_Extension","1336553085","1343056913"
"mtfisher/Mf_EmailQueue","1427316871","1427317869"
"jason-footing-cko/checkout-magento-plugin","1432884508","1453890487"
"vmasciotta/magento-project-variables-installer","1446316304","1446476455"
"campaignmonitor/magento-extension","1459787812","1473262315"
"e2755699/profile","1485420184","1486006977"
"Rugento/Autotrading","1406628609","1406646469"
"Kinento/order-reminders","1417351630","1483470229"
"trcull/retentionfactory-magento","1383796124","1383851514"
"contardi/koin-magento","1476731963","1492103173"
"ecoco/magento_profiler","1473797130","1487692645"
"raminv80/magento-lilmuckers_queue","1441265188","1398876770"
"shameemreza/magento-optimize-css","1445289484","1445290648"
"Inchoo/Inchoo_PHP7","1449479760","1491387145"
"culqi/culqi-magento","1464650030","1489060008"
"etailer/Etailer_Backorders","1414203229","1464824155"
"tzyganu/CmsRewrites","1406290161","1472477375"
"aurmil/magento-customize-price-filter","1350567403","1469456737"
"otimizar/Facebook_Productsxml","1453986547","1465914619"
"andrebellafronte/CamposEnderecoMagento","1400529633","1400595410"
"barbanet/magento-dc-minifier","1410316431","1445381541"
"graciousstudios/GraciousStudios_Monthlyreports","1462783380","1462952308"
"chrisanderton/magento-heroku","1461671530","1461835625"
"morgan/magento-priceadjust","1392796322","1392877304"
"outeredge/edge-magento-module-quickorder","1445506219","1486379874"
"absolutedesignltd/absolute_canonical","1448641770","1448642076"
"NexwayGroup/Magento-Queue","1442911745","1442909126"
"Bitcredits/bitcredits-magento","1394138706","1395427991"
"lcbrq/magento-LCB_BodyClass","1436524925","1487422918"
"mshaw42/magento-boilerplate","1440776205","1434671035"
"zainengineer/aligent_rounding","1435727301","1435724292"
"mthjn/magento-boilerplate","1432879574","1431300198"
"cesarfelip3/cleverva","1441040391","1441336703"
"mpaepper/taxClassPriceDisplay","1415899967","1415900038"
"loewydesign/mage-canonical","1424386446","1424453183"
"barbanet/magento-dc-thumbr","1421624531","1445381944"
"Genmato/DownloadableBundle","1424356842","1424356992"
"kkoepke/kkoepke_CheckoutAddressFix","1400242602","1413547002"
"ViniciusAugusto/modulo-magento-product-sort","1446148007","1446148170"
"trybeans/Beans-Magento","1486058547","1487003075"
"designcoil/GroupedTierPrices","1422734831","1422735641"
"romfr/ProductObserver","1381474607","1447923999"
"tacheshun/MC_Mail","1410897785","1410901543"
"SimplyMagento/magento-smtp","1419599916","1472115852"
"Chippin/magento-chippin","1464040468","1481157449"
"RuslanGumennyi/magento_guestbook","1434293454","1435660194"
"cardstream/magento-hosted-module","1382099484","1493042224"
"yathavan/eTw-Product-Inquiry","1407340687","1407478194"
"grommet/productfeed","1386782981","1392859255"
"cbalan/aws-swf-fluent-php","1373962081","1395495080"
"jacquesbh/jbh_catalog","1349649475","1349647652"
"JeroenBoersma/Srcode_Log","1443531093","1443596838"
"enjoy2000/iconicjp","1397191027","1415003967"
"hansbonini/cloud9-magento","1468291735","1468294865"
"outeredge/edge-magento-module-menu","1417091998","1470395565"
"hartmut-ltd/magento-php7-totals-fix","1458520364","1458523196"
"leoliew/magento-banners","1432196750","1436766860"
"krishnansuccess/born","1423486800","1423575238"
"mcash/mcash-magento","1407482874","1486460704"
"Knectar/Magento-Store-Codes","1409059590","1458489549"
"Pulchritudinous/Queue","1474611919","1485776713"
"etailer/magento-boilerplate","1439948351","1434671035"
"MagentoDiary/Magento","1391448090","1391465493"
"dionpapanik/Linkwise","1473017661","1474205375"
"QubitProducts/UniversalVariable-Magento-Extension","1344373141","1440669158"
"rossmc/CssJsVersioning","1426893575","1426894397"
"ffuenf/magento-priceadjust","1416692627","1392877304"
"ffuenf/Ffuenf_DevTools","1420410515","1457794135"
"kraken-io/kraken-magento","1440779613","1486684723"
"firegento/firegento-pdf-paypalplus","1457180499","1473854832"
"davidetaddei/mgpoup","1449670087","1449851804"
"manelio/miox-domainmapping","1419942209","1420197083"
"erfanimani/OrderSyncQueRunner","1423281748","1444404738"
"outeredge/edge-magento-module-block","1434124776","1484566342"
"HirokazuNishi/amazon-payments-magento-plugin","1433335458","1472852601"
"z9n5co/magento","1384397337","1384397755"
"praxigento/mage_ext_log4php","1422441656","1459419475"
"webbhuset/Geoip","1418317086","1483964859"
"KingIsulgard/Magento-Noble-Extended-Order-Grid","1453997668","1490299368"
"fhferreira/magento-module","1424957771","1406901651"
"ProxiBlue/NewRelic","1379162969","1488460497"
"gaugeinteractive/InstallBugfix","1428349293","1428345799"
"haertl-bender/mageYahooCurrUpdate","1423561465","1423561690"
"Tengisa/magento-elasticsearch","1437562749","1427217147"
"enjoy2000/iconic","1411724381","1414109244"
"AOEpeople/Aoe_Queue","1352323166","1443476691"
"StudioBOZ/thirdClass","1413430961","1413431538"
"rajanlamic/urbanart","1424784524","1424949130"
"Rugento/Configurableprice","1428399366","1435236176"
"Newsman/Magento-Newsman","1445430768","1487953063"
"borriglione/ActiveCustomerGrid","1400515377","1400511821"
"leanswift/ec2toggle","1435179973","1435245309"
"eeree/Magento-Polish-Regions","1440107371","1440104028"
"PagueVeloz/pagueveloz-magento","1417614544","1432310557"
"augustash/ash_fontawesome","1391205869","1427752194"
"JKetelaar/Flespakket-Magento","1417797850","1458732806"
"defactodesign/adminfirewall","1445436967","1447772407"
"EliasKotlyar/StorePickUp","1446587869","1446588210"
"MageTest/Mage-Test","1348417322","1395659499"
"riveracbr/diablo","1448344322","1441387219"
"KamTuhin/MagentoCartCustomization","1426861420","1466968087"
"sandrocimino/magentoforitaly","1387396501","1387399745"
"benleahdesign/Magento-Twitter-Feed","1446563579","1446564627"
"sandermangel/magento-slack","1430646458","1430642948"
"outeredge/edge-magento-module-responsiveimages","1416848650","1468594311"
"danielneu/amazon-payments-magento-plugin","1470046555","1470043344"
"grommet/apilog","1386735220","1386956817"
"outeredge/edge-magento-module-googleadwordsconversiontracking","1444855275","1446222311"
"patrickward/bitanical-newsflash","1370898002","1418386091"
"karlssonlord/KL_Sitemap","1417705871","1418144057"
"vmasciotta/MagentoCategorySorter","1466858340","1476976065"
"groupdocs/magento-groupdocs-viewer-source","1347019721","1402404633"
"iAMr00t/magento-plugin","1430364946","1426186986"
"georgebabarus/mage-bnr-currency-import","1406956229","1424956916"
"afroz92/Stripe-Payment-Magento","1439916704","1439963993"
"craigchristenson/magento-2checkout-api","1390510523","1433993500"
"Genmato/StockUpdatePush","1424357473","1432018366"
"DmitryMishin/layered_visualisation","1462553249","1462903841"
"peterlembke/charzam-priceindex","1446475809","1446937058"
"SimplyMagento/swift-view","1424779596","1424837532"
"BarryCarlyon/magento-turpentine","1422357139","1473066016"
"navarr/Excellware_Dynamo","1448379454","1448379742"
"quafzi/magento-performance-tweaks","1383840731","1473279746"
"mmzgit/zen_boutique","1392995068","1393002894"
"marcomnc/magento2bloming","1394015673","1397225154"
"erikhansen/bugsnag-magento","1423521271","1423584262"
"hkruit/Aoe_TemplateHints","1435909435","1435330084"
"Daniel-Rafique/magento-checkout-comments","1385324047","1396565772"
"sdinteractive/SomethingDigital_SkipToContent","1436971973","1455915321"
"ajbonner/mage-resque","1369903997","1480360210"
"praxigento/mage_ext_login_as","1423674798","1481542944"
"outeredge/edge-magento-module-configurableimport","1393342355","1416488553"
"schnumsel/no-flash-image-uploader","1441974185","1441970984"
"gamuzabrasil/gamuza_utils-magento","1395330268","1466651318"
"kasterweb/kasterweb-magento-cleaner","1449767861","1449839542"
"delegator/improvedmerge","1469195000","1483650751"
"vmasciotta/MagentoOrderPrint","1412106053","1416485472"
"dsalvagni/DSalvagni_BirthdayReminder","1406319339","1406561374"
"ffuenf/Ffuenf_CouponCodeCleaner","1439999338","1450641002"
"ksaltik/Magento-1.x-Odeme-Modulu","1448699860","1448914886"
"vmasciotta/MagentoPdfInvoiceDate","1411909917","1411933590"
"chemissi/P2","1412237926","1412259771"
"riznmage/Rizn_FixUrlRewrites","1411724501","1411722070"
"cojaco/magento-cachebuster","1438617444","1430307153"
"gordonknoppe/magento-cachebuster","1344327595","1446807104"
"meanbee/magento-meanbee-osd","1429877200","1469109997"
"tzyganu/Switcher","1383209175","1490283658"
"toledoroy/SocialShareOpenGraph","1414047524","1461739221"
"dangquochoi2007/shop2015","1422585483","1423889781"
"CoffeeBytes/CoffeeBytes_MageFlat","1470601505","1470601887"
"magentobrasilcom/plataforma","1391429947","1392054190"
"castlino/magentocart","1392072405","1392183628"
"deivisonarthur/Inovarti_CustomRolepermissions","1443991732","1443989704"
"brunoosilva/facilestore-freteproduto","1435519124","1435521685"
"washingtonstateuniversity/WSUMAGE-extstub","1383245454","1398193836"
"magefm/correios","1407249452","1411073981"
"robinbortlik/magento-dc-slider","1445419754","1445424046"
"AOEpeople/Aoe_SnappyCms","1423198831","1455243733"
"sendwithus/extension-magento","1432854305","1467398934"
"crossgate9/mageacf","1384493231","1399969028"
"R-MAN-D/magento-custom-discount-store-credit-module","1440437357","1463439444"
"ur-sltn/webgains","1475780625","1486653978"
"SiSGroup/magento-turpentine","1412144599","1465885469"
"z4kko/magento-export-facility","1428997045","1429011071"
"ffuenf/firegento-logger","1432979187","1422181996"
"praxigento/z_mage_composer_prj_01_full","1419602298","1420459301"
"joolswills/magento-turpentine","1412608102","1412178632"
"ambimax/magento-module-ambimax-youtube","1486120746","1488445151"
"augustash/ash_hideemptyattributes","1399568057","1454603473"
"Pengostores/magento1_training","1454001443","1454029782"
"craftyclicks/magento_global_address_validation","1409577254","1415882789"
"dbashyal/Technooze_Tproductschedule","1378279342","1467963672"
"karlssonlord/KL_StaticBlock","1375298341","1377246650"
"toonvd/configurablecheckout","1440447213","1440445219"
"ffuenf/Ffuenf_ChildProductCategories","1445857357","1446201844"
"toddlininger/mage-free-ship-fix","1446157718","1446159025"
"mothership-gmbh/module_boilerplate","1433761467","1448282283"
"kirchbergerknorr/PWS_ProductQA","1437671791","1437668986"
"deivisonarthur/inovarti_colororders","1443993475","1443990714"
"guidance/LegacyOrderImport","1426388663","1426389513"
"donostudio/cw88","1374034768","1374031973"
"paymentwall/module-magento","1409047176","1467789261"
"aleitner/magento-plugin","1435779759","1436357084"
"kalenjordan/cleanutil","1411415774","1411418178"
"r-martins/PagSeguro-Magento-Transparente","1396896074","1489531680"
"develodesign/accordion-table-for-magento","1394460479","1394461800"
"ivanproskuryakov/Magazento_Orderoptions","1399210822","1399209085"
"encompe/magento-mcperu","1381100645","1381097414"
"Mohitsahu123/magento-elasticsearch","1439990604","1427217147"
"tzyganu/moduleCreator","1348861595","1406725069"
"caevv/jamef-shipping","1421344968","1431723217"
"JasiukiewiczM/Free-Sitemap-Path","1393244265","1393244795"
"almadaocta/lordbike-production","1460148686","1493070753"
"bennoislost/easy-navigation","1445895114","1445895019"
"JamesPiechota/yellow-magento","1424303861","1434454096"
"onesite/onesite-sso-magento-plugin","1331067027","1334846117"
"w3development/magento","1477041356","1477471958"
"srka/Srka-Magento-Flickr-Gallery","1383672970","1399555917"
"Creare/CreareSEO","1410446415","1486050509"
"ooworx/magento-stocksort","1441619526","1443044237"
"puxan/customlog","1428938623","1461675447"
"conekta/conekta-magento","1390861629","1492444326"
"merchantwarehouse/shopping-cart-integrations","1398448994","1398775915"
"outeredge/edge-magento-module-uniquequoteitem","1447262809","1468231205"
"hanicker/MagentoProvinceItaliane","1443362485","1411937977"
"AOEpeople/Aoe_TemplateHints","1305320377","1490284567"
"DeyaZ88/magento-payfort","1465804743","1489661288"
"tadeobarranco/magento-badges","1427865310","1430793617"
"jrobertosouza/slicedbreadTest","1442810190","1442822776"
"freestream/TwoFactorAuth-MagOne","1459706682","1460147331"
"lijithmg/magento-turpentine","1407155985","1394051037"
"Sasha25/MagentoNew","1398245817","1398323805"
"gabidavila/nfe4web","1396287552","1396284834"
"fatalerrortan/Magento_RestConnect","1450737972","1463788200"
"Envalo/Widget","1424103922","1467225323"
"GluuFederation/gluu-sso-login-magento-extension","1451986663","1490633592"
"pagcoin/magento","1401823455","1413885571"
"rafaelstz/firegento-dynamiccategory","1441391713","1436343070"
"kistters/Braspag_Payment","1478338147","1492620118"
"augustash/ash_admin","1361205671","1427753989"
"Genmato/ReserveOnly","1423943963","1423948949"
"ffuenf/Ffuenf_MageTrashApp","1448107721","1467131183"
"tobias-forkel/Forkel_Grids","1449442206","1450036987"
"liip/magento-xhprof","1355089419","1363701049"
"outeredge/edge-magento-module-checkoutnewsletter","1435747138","1435842678"
"vtrmantovani/magento-elasticsearch","1442600847","1442599473"
"Pulchritudinous/Email-MagOne","1460203195","1476106629"
"AOEpeople/Aoe_Metrics","1447307479","1456441884"
"ho-nl/firegento-dynamiccategory","1414146559","1429085699"
"meanbee/Meanbee_CacheViewer","1382782482","1382887722"
"outeredge/edge-magento-module-allconfigurableoptions","1439974746","1447343814"
"webbhuset/features","1470328471","1482231045"
"retailcrm/magento-module","1423659524","1489662853"
"dbashyal/Magento-Custom-Category-Attributes","1379753620","1401090326"
"jeremyBass/WSUMAGE-Storepartitions","1374592206","1464215379"
"magento-hackathon/FrontendMonitoring","1393061815","1405324829"
"globalera/Magento-Catalog-Import","1377072245","1451135170"
"riconeitzel/Buro71a_XClacksPratchett","1427548439","1427548876"
"encompe/magento-ondelivery","1381100693","1381097624"
"alissonjr/freterapido_magento","1482770071","1487968532"
"stock2shop/magento_module_pargo","1483686592","1486632973"
"coingate/magento-plugin","1435063630","1492512189"
"df2k2/Aoe_TemplateHints","1440537779","1435330084"
"sdinteractive/SomethingDigital_EnterpriseIndexPerf","1464140981","1485980429"
"ProxiBlue/ShoppingDotCom","1391311260","1391342424"
"adamj88/amazon-payments-magento-plugin","1437595894","1437593429"
"drobinson/Aoe_GridSearch","1368120538","1425915619"
"Easycom-Solutions/Easy_MultipleDomains","1428481133","1429169679"
"hmphu/magento-turpentine","1472035819","1479789687"
"meanbee/magento-meanbee-core","1426610456","1458913521"
"quicksnap/aloaudio-siftscience","1375989398","1379454080"
"xanka/UMC1.9","1442890098","1440651530"
"gaugeinteractive/magento-outdated_browser","1425498134","1435840230"
"aaronthorp/NewRelic","1443141222","1442581284"
"gunjan1111/Gj_DefaultSelectedPaymentMethod-1.0.0","1459771930","1459772775"
"firegento/firegento-dynamiccategory","1300895898","1454357573"
"gaugeinteractive/magento-outdated-browser","1425498134","1435840230"
"Genmato/MultistoreSearchFields","1424356753","1445425202"
"james-lane/UltiMore","1440681454","1440679899"
"elliotreed/Magento-Youtube","1417686292","1485294977"
"outeredge/edge-magento-module-customoptionimage","1426848354","1457440839"
"luizventurote/magento-responsive-image-zoom","1477792363","1477796476"
"tobihille/api-model-bridge","1435950459","1438418319"
"spinolacastro/magento-scalable","1381412652","1393526865"
"ericthehacker/magento-untranslatedstrings","1412791941","1432055732"
"namkingkong/org.namma.magento.learning","1410978729","1410975901"
"clockworkgeek/Video-Widget","1434814368","1434821264"
"AOEmedia/Aoe_Threadi","1383085543","1389639220"
"m-royer/magento-shopatron-online-order-processing","1387331420","1387418627"
"magerocket/magento-kick-butt-search","1421906711","1489144021"
"flintdigital/mage-mod-hide-payment-options-fd","1434513381","1472251458"
"sandipansaha/Product-Files-Upload","1385583965","1385697042"
"ffuenf/Ffuenf_FixCatalogOptionSort","1428600644","1450645234"
"mssyogi/Magento-FastIndexer","1440223511","1435383054"
"dbashyal/Magento_TodoList","1404197780","1404195498"
"boy1dur/bfm-magento","1401389534","1401386249"
"octavia75/Magento-Rakuten-Syncronisation","1447367082","1447424955"
"Rugento/Unisender","1406111401","1489996571"
"aplazame/magento","1428539398","1487782215"
"yehiasalam/magento-payfort","1480543941","1480544831"
"ron-liu/salon","1425199529","1425210873"
"LybeAB/Disable-checkout","1463062943","1465547850"
"magefm/customer","1391876383","1412081389"
"rossigee/magento-plugin","1440514641","1447128904"
"StudioForty9/Counties","1423090128","1423094154"
"rnicklin/SomethingDigital_AjaxAddToCart","1444071001","1444672910"
"eeree/magento-dismiss-message","1444693185","1444689700"
"salgua/SalguaMagentoAddProduct","1385972189","1401783651"
"gswalden/springtimesoft_raygun","1439215818","1439212499"
"chapagain/auto-currency-switcher","1419870695","1487234311"
"kschroeder/magento_xsendfile_accelerator","1412909360","1412906182"
"CKOTech/checkout-magento-plugin","1428574403","1492505566"
"mitrobkat/magento","1389811814","1389815872"
"hackathongi/2014-magento","1394268462","1394305151"
"curkle/Magento-addressAutoComplete","1421862362","1430832775"
"ericthehacker/magento-phpnativepasswords","1414420267","1429467514"
"z-v/iboxGento2","1448969566","1447430277"
"flintdigital/mage-mod-osc-magedrive","1438116800","1472667571"
"PayU/plugin_magento","1337198650","1489151836"
"Cyberklicks/delicious-treasure","1430511583","1431300198"
"robbieaverill/Aoe_Queue","1442457587","1440432072"
"eeree/magento-limit-items-quantity-in-cart","1442770581","1442768513"
"CharityClear/magento-hosted-module","1389865262","1406815527"
"macopedia/firegento-dynamiccategory","1441960494","1436343070"
"SchumacherFM/Magento-Sqrl","1384506438","1390783512"
"enjoy2000/iconicid","1404792804","1414738733"
"amansrivastava/Magento","1446182942","1446186287"
"istvano/magerelic","1384179521","1384205526"
"fastly/fastly-magento","1444076528","1491903430"
"nexcess/magento-two-factor-auth","1410274090","1410295343"
"ffuenf/Ffuenf_Canonical","1437224115","1450715798"
"itabs/Itabs_LogViewer","1424536882","1424537100"
"georgebabarus/mage-cms-block-enhancements","1409158947","1425327474"
"eriksimonic/magento-page_speed_cache_flush","1438263069","1438260554"
"gamuzabrasil/gamuza_jsonapi-magento","1477426770","1477488886"
"CreDevLabz/EasyWarehouse","1445605764","1445623106"
"LongVuXuan/jeeto.unicraft.in","1480661488","1488135616"
"kschroeder/Magento_Pusher","1433858646","1433859470"
"WeareJH/magento-extension-base","1427192133","1422610860"
"ryaan-anthony/magento-members-only","1445189692","1451506140"
"MagestyApps/magento-geoip-connector","1455546999","1455549980"
"Kinento/invoice-reminders","1417353643","1419602832"
"bitbull-team/magento-boilerplate","1461226403","1461224308"
"amzn/amazon-payments-magento-plugin","1406848454","1479503517"
"idealplugins/magento","1420474550","1465993992"
"lcbrq/magento-LCB_CustomMenu","1476799468","1488876504"
"IntricateWare/bitdrive-magento-plugin","1429234586","1429239184"
"afterpay/afterpay-magento","1463471394","1487548944"
"loewydesign/mage-betterhints","1424468221","1424470064"
"goodahead/entitytype-manager","1389271295","1444424856"
"klevu/klevu-smart-search-M1","1454939554","1485768665"
"waxim/magento-utm","1415970117","1415970221"
"enjoy2000/iconicvn","1387247293","1415248966"
"karlssonlord/KL_Stylesheet","1375452468","1375454395"
"vasuscoin/Cleanup-Old-Session-Files","1443101501","1443097980"
"bobd91/magedebugbar","1422059458","1429781720"
"Rugento/MagentoCyrillicUrl","1432547255","1441958126"
"gigya/Gigya-Magento","1370504879","1475056205"
"jayelkaake/logmanager","1423770388","1431012423"
"AydinHassan/magento-extension-base","1418124564","1441182378"
"praxigento/z_mage_composer_mod_02","1419262500","1419949925"
"develodesign/magento-knowledge-base","1407849798","1407854050"
"ffuenf/Ffuenf_BankPayment","1393522849","1450645161"
"fazleelahhee/magento-captcha-contact-form","1342548517","1352207707"
"mborkowski/magentoext-newsletterlayer","1409058980","1427375550"
"elastera/EnterprisePageCacheSSL","1409852948","1414147679"
"ngreimel/magento-cache-buster","1426627987","1426629134"
"ctidigital/magento-turpentine","1439462593","1444658166"
"JumpLink/magento-api","1384003529","1404245666"
"magento-hackathon/Hackathon_ChatConnector","1432885781","1463472564"
"ramsystematix/Dotzot_pudo","1480919086","1482500745"
"samuelbohler/magento-plugin","1412974497","1421094351"
"jlgeering/maruto","1364416158","1471454382"
"valdecode/magento-cookielaw","1452779553","1488637383"
"vmasciotta/MagentoProvinceItaliane","1411775050","1452092607"
"tonio-44/tikflak","1361356505","1361357273"
"edgecom/asirra","1380896903","1391004940"
"AndrewFelipe/pagueveloz-magento","1417636930","1433452799"
"bugsnag/bugsnag-magento","1409289446","1467908778"
"astorm/Magento_CrossAreaSessions","1395106931","1483976587"
"ffuenf/Ffuenf_StockMovementCleaner","1449173648","1449174086"
"imantsjasmans/Swedbanklink","1384511164","1386245750"
"myflyingbox/magento-extension","1436610658","1462272268"
"outeredge/edge-magento-module-dates","1400586118","1449665053"
"LorenzoR/magentoReports","1423232407","1475783718"
"outeredge/edge-magento-module-lifetimesalesfordashboard","1412783370","1460726625"
"salimlive/Magegitignore","1375677400","1375686079"
"EliasKotlyar/ConfigurableCustomerId","1446586095","1446588242"
"sandermangel/sama_disablelog","1424414739","1424414717"
"novayadi85/galatema","1440138343","1440137038"
"madepeople/magento","1432113539","1432106784"
"mssyogi/magento-boilerplate","1438667565","1434671035"
"intelliant01/Magento-Catalog-Import","1387541529","1451135073"
"infabo/magento-facebook-pixel","1486642309","1486645417"
"MaxYaroshenko/3rdarea","1386178982","1387461336"
"itnova/magento-1","1441624669","1441621434"
"ByteInternet/magento-turpentine","1441706079","1452782857"
"tadeobarranco/MagentoBadgeds","1427865310","1430793617"
"hkbrown21/teksearch","1402010885","1402320256"
"vbuck/rootd-tinymce","1416328922","1425602407"
"frozenminds/mage-maps","1366133888","1367906290"
"azurams/WBL_AbandonedCart","1380202044","1380202125"
"astorm/MagentoBetter404","1387530971","1398641961"
"Militree/improved-magento-layered-navigation","1441389988","1450123312"
"sandermangel/sama_cartminamount","1424104545","1424173835"
"tkooda/magento_MediaUrlSharder","1467736270","1467737499"
"ProxiBlue/GiftFromSubscription","1397722097","1446024418"
"ashraful88/magento-data-manager","1402895744","1427791509"
"patrickbaber/Psquared_OrderStatusChange","1408979712","1444737361"
"medialam/magento-category-fix","1390823669","1390828302"
"SnowdogApps/amazon-payments-magento-plugin","1439640424","1438966605"
"vaimo/Eepohs_Erply","1442234865","1442473545"
"StudioForty9/Gallery","1428061014","1431253177"
"lcbrq/magento-LCB_Slides","1446984979","1488238624"
"czettnersandor/magento-quick-view-ajax","1319801415","1421923726"
"pusachev/sp_events","1477219318","1478330993"
"webguys-de/reporting-api","1417555864","1417560081"
"webdawe/webdawe-analytics-magento-module","1468560037","1468882080"
"reidblomquist/Rbq_ElasticMenu","1417163403","1417312671"
"mhauri/magento-slack","1429883844","1481796544"
"gabriellucius/magento","1437140411","1430826376"
"renini/magento-customer-kvknr-attribute","1406236482","1406237883"
"novayadi85/navicet","1439167787","1439540293"
"magently/magento-sign2pay","1437144645","1449222337"
"erfanimani/Aoe_JsCssTstamp","1400051770","1448402596"
"romfr/Hackathon_MageMonitoring","1403089700","1430286350"
"Vinai/VinaiKopp_PostCodeFilter","1426256162","1432781908"
"karlssonlord/KL_WysiwygPdf","1375370080","1381148233"
"quafzi/magento-exportFullImagePath","1380228252","1470035459"
"sdinteractive/SomethingDigital_BackToTop","1450281968","1458835424"
"cresjie/magento-loan","1436823564","1449151433"
"open-pay/openpay-magento","1398723387","1491499222"
"LeeSaferite/Modules","1438922154","1392325611"
"tzyganu/GridEnhancer","1384418243","1385050815"
"garasiya/magento1910","1442326275","1442405838"
"gbinside/gbinside_geoip","1442829028","1450092494"
"ProxiBlue/OrderSyncQueRunner","1383126072","1472436884"
"outeredge/edge-magento-module-showcase","1394541536","1434452869"
"progammer-rkt/Rkt_SbCache","1436330222","1460470623"
"PointCheckout/magento","1439726166","1446828266"
"kiennt2/Magento-Responsive-Email","1398886997","1398959368"
"tuanmrbean/PBP","1431592553","1441850043"
"picqer/magento-extension","1436251989","1486034180"
"cmdsrc/magento-cardsave-payment-extension","1395227476","1395227654"
"bobbyshaw/requestautocomplete-magento-extension","1418998371","1413224982"
"lcbrq/magento-LCB_News","1449948633","1450575523"
"blakefinney/digitalDataMagentoExtension","1411395595","1435587549"
"melvyn-sopacua/magento-turpentine","1402584138","1394051037"
"5mehulhelp5/MagentoExtensions","1404366354","1490782920"
"tzyganu/rule-products","1409314987","1411647908"
"dionpapanik/Skroutz","1474323119","1486374815"
"gruenspar/magento-sorted-db-layouts","1414765835","1414768851"
"Codeko/magento-redsys","1449664062","1473745832"
"sourcerer-mike/magento-devMode","1373495988","1386817428"
"nocturnalfrog/magento-sorted-db-layouts","1442743751","1442745435"
"andrebellafronte/b-responsive","1442595244","1416593270"
"ooworx/magento-scopesexplorer","1441375818","1469743814"
"hslatman/slatman-shipping-translator","1435406168","1435403535"
"namorwalker/mage-customer-storebalance-export","1460807800","1487633739"
"ProxiBlue/GlobalHandle","1392178614","1445920663"
"QiuLihua83/Magento_China_Integration","1448459345","1456204713"
"praxigento/z_mage_composer_mod_01","1419262474","1419949925"
"firewizard/EasyTrackers","1422267739","1422268437"
"etamredok/mage-tnspay-hpf","1411539041","1414558696"
"lukanetconsult/mage-secure-cookie","1372060783","1424763320"
"designcoil/MagentoCustomerComments","1428364244","1428361202"
"iBet7o/webpay-magento","1442954495","1419581742"
"appsol/stockupdate-magento","1398721078","1399241968"
"opentaps/opentaps-crm2","1414511305","1422905064"
"compropago/plugin-magento","1446774439","1493140629"
"bkielbasa/magento-export-prepend-append","1419525124","1469690888"
"Turiknox/magento-facebook-pixel","1485022357","1488634278"
"adam-crossland/Magento1-ContactFormPlus","1436897959","1436894782"
"simbus82/magentoext-richsnippets","1428919210","1439975423"
"mr-jingles/ResizeSwatch","1445772066","1445773135"
"ffuenf/Ffuenf_Contact","1409742707","1450791874"
"tobias-forkel/Forkel_Counter","1454901995","1459539220"
"sdinteractive/SomethingDigital_Modal","1441726701","1491253958"
"yvoronoy/magento-extension-extra-fee","1441567841","1464019777"
"WizardsFugue/WizardsFugue_Magento_Example","1387588339","1395362552"
"krocus/mmx-importer","1483027600","1485179287"
"praxigento/mage_ext_bonus","1426264306","1443191715"
"dkill/retailops_magento","1442802928","1471912766"
"listedegarde/Add-Magento-Newsletter-Data","1431699801","1431698207"
"freterapido/freterapido_magento","1482144333","1491493565"
"YellowPay/yellow-magento","1407008978","1437054947"
"ffuenf/Ffuenf_DeleteOrder","1350129351","1456740559"
"magento-hackathon/Hackathon_MultistoreBlocks","1432887816","1476691344"
"amarroni/rg.uy","1432090015","1448333147"
"outeredge/edge-magento-module-customergroupoptions","1394468734","1416488583"
"creatuity/custom-maintenance","1429114857","1435643419"
"ffuenf/Ffuenf_Backup","1416492795","1450792431"
"pmclain/Pmclain_EmailPreview","1472273854","1472498506"
"anderskristo/magento-off-canvas-navigation","1415398168","1427825376"
"JumpLink/magento-mongo-cache","1398425488","1410178061"
"philwinkle/Philwinkle_Fixerio","1448358669","1473455159"
"guidance/Guidance_Simplepage","1430310436","1431343226"
"iamphill/magento-opensearch","1443439283","1443442602"
"rikwillems/invoice-reminders","1422541444","1419602832"
"ffuenf/Ffuenf_ProductAlertCleaner","1437471680","1457819443"
"soberanes/conekta-magento","1438186901","1437754681"
"macanhhuy/magento-module","1394158160","1361239835"
"jacquesbh/jbh_connectas","1342680341","1484504156"
"firegento/coding-guidelines","1382625293","1417872743"
"jreinke/magento-elasticsearch","1340267710","1427217147"
"smgom/magento","1468582658","1468579149"
"AOEpeople/Aoe_TrimPassword","1357257400","1432225035"
"lcbrq/magento-LCB_Attachments","1447344714","1483538306"
"praxigento/mage_ext_tuneup","1423674901","1428667276"
"rossmc/Rossmc_Stocksold","1449230497","1449234697"
"driveback/digital-data-layer-magento-extension","1450791503","1487247028"
"borriglione/Borriglione_SetMeta","1400061582","1408612761"
"ianitsky/UMC1.9","1456493449","1481162730"
"thorstenfriesen/Magento-CustomerSetGroup","1376389103","1376385948"
"hyhoocchan/yensao","1423646757","1423647874"
"rafaelstz/Magento-CategoryTitle","1445971683","1457712829"
"AOEpeople/Aoe_Threadi","1389955291","1394638821"
"elvin-vaimo/magento-turpentine","1430852607","1472129231"
"DoghouseMedia/Doghouse_Carousel","1445827109","1464569704"
"Trovalo/Magento_Tier-Group-Price-CSV-Import","1457000514","1457605389"
"Darkvador-a/Projet2","1412237924","1412259325"
"occitech/Occitech_ShopyMind","1422373758","1455199194"
"schmengler/EditCustomOptions","1395610633","1395612157"
"AOEpeople/Aoe_CacheCleaner","1322606596","1439945708"
"outeredge/edge-magento-module-customoptionpromotion","1397131305","1416488629"
"mhauri/magento-hipchat","1429883785","1434525085"
"serhatso/magento-zend-queue","1482945692","1482949885"
"nanawel/Arrakis_Munin","1445720836","1446328321"
"shopixco/magento-url-param-order","1423794129","1423795079"
"joshpennington/MagentoShippingModule","1400796540","1400794979"
"webgriffe/catalog-helper-extension","1433350913","1473082523"
"barbanet/magento-dc-googletranslatewidget","1403735962","1445380839"
"vduglued/magento-salesperson","1418680476","1418681663"
"siment/magento-sphinx-search","1446372099","1446594321"
"firewizard/Mandagreen_Minifier","1401707248","1477041853"
"Coefficient/magento-extension","1394235395","1412699893"
"Rugento/multistock","1426584657","1473671983"
"tylerofathenry/Magento-CustomCouponMessages","1450183382","1473419614"
"outeredge/khaosconnect-magento","1435583401","1438684261"
"miegli/QS_Smallinvoice","1386057926","1386057971"
"TimVroom/IcepayMagento","1443103579","1443172843"
"ffuenf/Ffuenf_CategoryProductSortBackend","1424877728","1489672457"
"progammer-rkt/magento-js-css-for-static-blocks","1408550632","1429782895"
"JaroslawZielinski/magento-backendo","1478596801","1482524151"
"LogicSpot/Magento_GlobalMessage","1430842053","1431006499"
"zkrzeska/custom-maintenance","1429689137","1435579713"
"kiwigrid/Kiwigrid_AutoExpandProductCategoryTree","1416489411","1416490462"
"ksdl/khaosconnect-magento","1432209091","1444992850"
"Genmato/Core","1424356346","1483538763"
"eniuz/magento-symfony-container","1440071141","1440059708"
"nexcess/magento-alarmbell","1459378469","1470228291"
"portchris/NaturalRemedyCompany","1452266701","1486327982"
"nivasan/magdrenaline","1385020893","1385030741"
"magebay99/T2F","1422864558","1431526442"
"InteGento/Integento_Styleguide","1476719712","1479207490"
"nopro/bluemoon","1455036546","1493216269"
"payfort/magento-payfort","1492011273","1492007719"
"augustash/ash_tierpricingtables","1453242022","1453266531"
"pandaant/magento-responsive-theme","1443192768","1456417566"
"gaiterjones/Rkt_SbCache","1437480875","1437477657"
"edgecom/faq","1413439241","1418210195"
"brandedcrate/payjunction-magento","1419904702","1438629320"
"yireo/Yireo_NewRelic","1392207409","1479861810"
"Genmato/RemboursInvoice","1424357348","1445328044"
"contactlab/contactlab-magento-connect","1435308554","1491556330"
"eeree/magento-adminhtml-customer-address-allow-deselect","1439077111","1439074034"
"webgriffe/magento-extension-composer-skeleton","1430238721","1484833122"
"mborkowski/magentoext-richsnippets","1409061192","1471437724"
"tresloukadu/tresloukadu-motoboy-magento","1368062717","1368059279"
"shadabalam7/magento","1422098662","1422102036"
"barbanet/magento-dc-brandmanager","1435539645","1446684437"
"dfelton/UMC1.9","1440608986","1465755566"
"colinmurphy/emptycarthandle","1422702197","1422702507"
"Meabed/infinite-scroller-ajax-products-magento","1378362140","1378359482"
"TheNameIsNigel/magento-plugin","1430364946","1426186986"
"augustash/ash_jquery","1361205763","1427753379"
"jeremyBass/webmastertools","1378395245","1464890782"
"anattadesign/AwesomeCheckout","1454535428","1455221069"
"StudioForty9/Pubble","1446045337","1446146071"
"hipay/hipay-fullservice-sdk-magento1","1453893982","1492072728"
"ikonoshirt/pbkdf2","1342048498","1457370236"
"mk1sml/magento-boilerplate","1430406363","1423523955"
"caciobanu/improved-magento-layered-navigation","1418066646","1488901857"
"vasuscoin/Aoe_TemplateHints","1441949352","1435330084"
"augustash/ash_reports","1453264877","1453266707"
"ho-nl/Adyen_Payments","1420724945","1420716446"
"FrankStappers/magento","1413714590","1413711374"
"magefm/shipping-cost","1406062978","1412872457"
"expressly/magento","1436188932","1480523026"
"PayLane/plugin_magento","1418380642","1445588375"
"edgecom/marketplace-web-service","1413439338","1436181385"
"payfort/magento","1442491349","1477473307"
"menticore/stomp","1334687288","1335036055"
"dczm/FinalProductsGridOfUltimateDoom","1381836139","1381832953"
"mokadev/Mokadev_OpenGraph","1391099557","1418802636"
"trendmarke-gmbh/magento_validate_order_mail_addresses","1482164636","1482317586"
"webdevsh/MageSample","1410661062","1445915723"
"channelengine/magento","1449656674","1493116882"
"fbrnc/Aoe_JsCssTstamp","1305321092","1426805727"
"mukul-git/equiplace-alpha","1434733427","1435392251"
"outeredge/edge-magento-module-pages","1424440995","1485267674"
"rajuniit/chotrobazaar","1381486646","1420270121"
"julienloizelet/magento-comingsoon","1483541053","1484060764"
"marcomnc/MPSMagentoExt","1383657794","1387046225"
"keuzenkamp/fooman-same-order-invoice-number","1383755139","1383755769"
"mr-jingles/magentoext-richsnippets","1440614086","1487444829"
"suribit/magentoHelpSearchMenu","1410419261","1410417310"
"StudioForty9/Brands","1429134294","1429532165"
"ProxiBlue/Aoe_JsCssTstamp","1441687586","1441688407"
"barbanet/magento-dc-slider","1424299105","1444602895"
"occitech/Occitech_Seo","1432308453","1460034086"
"Mattiaz88/adyen_payment","1440421472","1442243918"
"jruzafa/Devopensource_Cache","1401631219","1402153858"
"apruve/apruve-magento","1374097121","1492433178"
"PagoFacil/MagentoPlugin","1397065024","1466997268"
"barbanet/magento-dc-regions","1415249990","1450808139"
"PaystackHQ/paystack-magento","1458160344","1480105406"
"havenS/skudler-magento-connect","1430460404","1442296453"
"dbashyal/Magento_Tcatalog","1373941589","1401090444"
"persomi/magento","1447853487","1455014298"
"andyjohansson/firecheckout","1412710082","1400763564"
"abdelmouheimen/MagentoBetter404","1438959626","1398641961"
"carlos-reynosa/magento-html5-webrtc-customer-service-module","1400338651","1409180043"
"technodelight/Aoe_TemplateHints","1439546255","1435330084"
"engrKaka/PMTECH_Ordersplitter","1447958464","1448012624"
"roemerdlr/kyojin","1428591903","1447090542"
"mobilpay/Magento","1417008100","1487600155"
"val-samonte/Scheduled-Products-for-Magento","1415503568","1416710217"
"youprofit/magento-shopping-assistant","1438336727","1423557915"
"interactiv4/b-responsive","1380123642","1416593270"
"parlt/Grafikentwicklung_Tracking","1480260059","1481490653"
"davidalves1/freterapido_magento","1482769777","1491492592"
"cazuba/tienda_versiones","1404229599","1404241726"
"shanethehat/magento-di","1414094902","1422963570"
"vbuck/mymodules-google","1411102613","1411126979"
"chernozor/Webpay-Payment-Magento-Module","1436260227","1437554277"
"SchumacherFM/Magento-Pace","1380276987","1420424844"
"jacquesbh/jbh_router","1343340997","1417364175"
"ottonet/PostcodeNl_Api_MagentoPlugin","1417188558","1434459020"
"siment/St_ProductListBlockCache","1429470776","1446406166"
"yivi/entitytype-manager","1436953507","1392992807"
"sdinteractive/SomethingDigital_AjaxAddToCart","1441129508","1487892856"
"flintdigital/mage-hide-payment-options","1434513381","1472251458"
"wigman/AjaxSwatches","1418302805","1483636756"
"matheusgontijo/easy-shipping-rules","1429615590","1485102228"
"adamj88/RK_TypeCMS","1439460271","1459239417"
"adampmoss/CreareSEO","1410446415","1486050509"
"postcode-nl/PostcodeNl_Api_MagentoPlugin","1349343305","1468832253"
"AlzBinh/magento1_9","1412013508","1412648952"
"Sign2Pay/magento-sign2pay","1421226972","1450475111"
"algolia/algoliasearch-magento","1392767382","1491293259"
"tuminitumina/magentobasic","1463740680","1463738650"
"Mandarin-Medien/mageext-CategoryGridStatus","1421395396","1421395718"
"boangri/magento-weblog","1390672404","1391531425"
"praxigento/mage_ext_saved_cards","1426773277","1430207578"
"fzoccara/MagentoGoogleAnalytics","1425252820","1435065233"
"sajib-hassan/Codifier_Optimizer","1416220789","1416388038"
"WolfAmadeus/MagentoTwitterExtension","1471638478","1471636364"
"linusshops/canadapost-magento","1449766674","1472496287"
"gaugeinteractive/magento-custom-so-grid","1377201724","1377198680"
"rbncha/quickclearcache","1410071721","1410068724"
"payneteasy/php-plugin-magento","1373022498","1376984964"
"jacquesbh/jbh_homepage","1344093336","1465661649"
"Dwika/Dwika_Vme","1382355287","1382354276"
"dbashyal/Technooze_Tnewsletter","1401091793","1403070694"
"iostudio/Iostudio_SyncContent","1325102126","1325772954"
"tobihille/tobihille_admintranslation","1435475849","1436607017"
"ffuenf/Ffuenf_Common","1447600195","1467211294"
"gwinn/module-magento","1423659524","1489662853"
"grizwako/tickentoo","1423033304","1423487558"
"dbashyal/Magento-Customer-Attributes","1378782622","1415060244"
"magento-hackathon/MultiStock","1399711931","1410554569"
"conformal/coinvoice-plugins","1394568152","1404843101"
"tzyganu/UMC1.9","1389604187","1468223377"
"uab-balticode/dpd-cod-payment-module-magento","1446557468","1447077113"
"LybeAB/Lybe_Budbee","1464793006","1467541547"
"clockworkgeek/FutureSlider","1432398520","1433773374"
"PluginCompany/magento-syntax-highlighter","1426193591","1433717781"
"giraffdev/magento_fixed","1380197587","1380194247"
"getupcloud/magento-scalable","1381969642","1382014629"
"parlt/Invisual_NewsletterSubscriptionFix","1481921533","1481987727"
"thegrommet/apilog","1386735220","1386956817"
"newsletter2go/newsletter2go-magento-extension","1450105091","1476367009"
"quafzi/magento-fixedBillingAddress","1380828647","1400184611"
"az-iar/magento-billplz","1464027803","1471419922"
"vasylmalanka/VMalanka_CleanCheckout","1439320009","1439374588"
"thepasgroup/magento-responsys","1416451976","1431469648"
"gamuzabrasil/gamuza_freight-magento","1395332061","1463252914"
"zohmi/Aoe_BackendDefaultLanguage","1343070254","1431595829"
"yvoronoy/magento-extension-paymaster-ua","1440964457","1468429772"
"Azdean/digitalDataMagentoExtension","1440163741","1449826410"
"Meabed/magento-advanced-search-datetime-field","1394300079","1394300158"
"tnn-nair/room","1408033639","1408467615"
"danslo/CreareSEO","1442775249","1440683453"
"vipankumar1987/Maze_OneStepCheckout","1404563555","1404890338"
"maxbucknell/magento-amdjs","1386684944","1424280154"
"tzyganu/WhoIsOnMageOverflow","1406230043","1421057320"
"MageJet/TrioSoft","1396470014","1396500510"
"fetchr/Magento-Fetchr","1434975111","1471760422"
"Rugento/Cml2Bcp","1429978576","1430065552"
"jeroenvermeulen/magento-turpentine","1387325995","1490353787"
"sanjaymodasia/RedboxDigitalLinkedin","1465214547","1465298025"
"rafaelpatro/Quack_Cielo","1435699835","1488325493"
"fffab/udtopads","1415016064","1415109168"
"SpectroFinance/SpectroCoin-Merchant-Magento","1417443025","1473409512"
"magebuzz/magento-splash-page","1481258313","1481259952"
"outeredge/edge-magento-module-index","1437731709","1437728616"
"rafaelcastelani/novomaq","1445269492","1445267638"
"bobbyshaw/magento-footer-js","1387831883","1467810989"
"colinmurphy/studioforty9-schema","1442591383","1475347877"
"meanbee/magento-meanbee-pwa","1484651613","1490687339"
"itabs/Itabs_SalesRuleSearch","1429552441","1429549055"
"outeredge/edge-magento-module-deliveryinstructions","1440072183","1440401581"
"smoothlancer/magento_iways_pppfix","1457430991","1457433590"
"barbanet/magento-dc-translator","1403775566","1445382106"
"AOEpeople/Aoe_CacheStats","1447217526","1447440070"
"springboardretail/springboard-magento-extension","1441749961","1441747025"
"rossmc/CatalogCategoryRemoveHref","1429341419","1453899832"
"tadeobarranco/MagentoGrids","1430842260","1448377234"
"gitamitgit/Ultimate-module-creator","1424669235","1418993741"
"shahed-jamal/magento-coupon-exclude-products-dynamically-by-sku-depending-on-special-price-discount-percentage","1486549834","1486557500"
"siment/product-list-block-cache","1429470776","1446406166"
"barbanet/magento-dc-featuredproduct","1423428855","1452653692"
"sprankhub/bank-integration","1417352462","1451908568"
"mzeis/Mzeis_ServerTiming","1487195007","1487234586"
"outeredge/edge-magento-module-multipledelivery","1428577644","1435829805"
"Louspirit/E-Commerce-Website","1406649490","1406647787"
"sreichel/Magento-ChangeAttributeSet","1459757488","1489429499"
"mathaupt/magelogmailer","1396375483","1398945944"
"mcpayment/webpay-magento","1395646763","1419581742"
"dbashyal/MagentoStarterBase","1380768183","1401090170"
"dbashyal/Magento_CategorySwitchOnOffByDate","1403856265","1405410614"
"JumpLink/magento-dnode","1383161035","1445518661"
"ICEPAYdev/Magento","1433338166","1480979261"
"RuslanGumennyi/importsubscribers","1434291624","1435660641"
"memorious/amazon-payments-magento-plugin","1443133050","1441032515"
"ajpevers/adyen_payment","1410247603","1411537508"
"TriggeredMessaging/digitalDataMagentoExtension","1409580388","1449657904"
"linuskohl/magento_CreateCoupon","1444644355","1445502149"
"jahvi/FileUploadAttribute","1447192505","1465666198"
"outeredge/edge-magento-module-storeflag","1437045819","1438864574"
"tobias-forkel/Forkel_Bars","1449694738","1474806261"
"ericthehacker/magento-configglobalsearch","1429666284","1429897814"
"pedro-teixeira/correios","1393087216","1493241082"
"tylerofathenry/Aimlessmedia_Groupfeatures","1434312702","1434311515"
"outeredge/edge-magento-module-slideshow","1412077841","1490602220"
"jkenneydaniel/MagentoCrypto","1406584677","1407207783"
"gordonknoppe/magento-sadserver","1447370268","1447371100"
"treatid/magento-boku","1458523176","1458854897"
"gigatec/magento-backendlinks","1386168787","1386169458"
"gil--/Magecado_Orderlytics","1446700001","1455033288"
"life-inside-chevrons/magento_2","1382034442","1382031433"
"firegento/firegento-adminmonitoring","1378549608","1447671357"
"ffuenf/Ffuenf_Pagespeed","1409752141","1450652957"
"gudTECH/retailops_magento","1424970946","1492106728"
"Mevo/Magslide","1403175734","1403186688"
"annemarietannengrund/mage_noty","1378495639","1378662065"
"cresjie/magento-tag-featured-product","1436305520","1436302828"
"WinstonN/magento-shield","1447750838","1462857853"
"shopixco/magento-auto-assign-customer-group","1423795149","1423801936"
"outeredge/edge-magento-theme-base","1392288788","1484582839"
"macopedia/plugin_magento_160","1391684005","1438755938"
"sergy-gzh/entitytype-manager","1412673829","1453995880"
"washingtonstateuniversity/WSUMAGE-printproducts","1401920199","1401977797"
"sharpgit/customer-group-shipping","1417549065","1489602587"
"Adyen/adyen-magento","1397649875","1493108708"
"Xoce51/order-reminders","1442313684","1438360095"
"anup4ranium/adyen-magento","1479287866","1478867077"
"vasylmalanka/VMalanka_WallPrint","1439380936","1439377368"
"meanbee/magento-shopping-assistant","1423080422","1423557915"
"qrz-io/indexer","1424531972","1426455452"
"reydelleon/advanced-magento-tax-report","1391351112","1416456027"
"goodminton-ag/languager","1461225145","1481709054"
"Militree/SomethingDigital_AjaxAddToCart","1444070968","1441282382"
"augustash/ash_categorylandingpage","1453244992","1453838335"
"seafoam6/magento-boilerplate","1438715017","1437937282"
"randix0/Devils_HomeWidget","1454588322","1457352265"
"puntable/kraken-magento","1442829975","1441874729"
"z4kko/weight-limiter","1429104374","1429101154"
"val-samonte/ABest-Express-for-Magento","1414935130","1414940859"
"ViniciusAugusto/modulo-sudoeste-transportes-magento","1432576315","1442506078"
"hull/hull-magento","1374271053","1448374521"
"ffperera/pagantis-magento","1393525510","1393578159"
"borriglione/magento-404-redirect","1381836907","1381911463"
"Den4ik/Magento-Google-Cloud-Print","1400146497","1400431878"
"lcwxz1989/pbkdf2","1440691110","1415714507"
"gruenspar/firegento-adminmonitoring","1423126093","1439223066"
"chromium/requestautocomplete-magento-extension","1403804883","1425420477"
"AOEpeople/Aoe_MailLog","1389130642","1389130761"
"ffuenf/Ffuenf_StockControl","1428762780","1439908124"
"outeredge/edge-magento-module-instagram","1427895386","1435240160"
"dannevang/transfeedisplay","1425559371","1446567340"
"barbanet/magento-dc-etrans","1448246528","1448335171"
"LitleCo/litle-integration-magento","1331644780","1487872652"
"augustash/ash_cacheboost","1421970753","1427769020"
"Tetpay/magento-plugin","1420600910","1418338735"
"intercastilla/magento-hideprices","1422449753","1422450228"
"roemerdlr/dvtk","1420907222","1428587743"
"maksuturva/magento_payment_module","1412777736","1482326653"
"bitpay/magento-plugin","1350182709","1485271832"
"KimITAU/magento-admin-dashboard","1419317323","1419318384"
"Razorphyn/Merchantability-Based-on-Country","1434311354","1434532369"
"MOLPay/Magento_Plugin","1386058828","1493258216"
"srka/Srka-Magento-Unicache","1401988782","1401990151"
"Classy-Geeks/magento-mailman","1406573377","1468336760"
"magento-hackathon/Hackathon_MageMonitoring","1391199223","1454207279"
"tzyganu/EasylifeTag","1404743690","1416499472"
"nguyenanhthai/magento-easy-email-debugger","1447352579","1447843446"
"andou/magento-bare","1437055580","1437055306"
"magento-hackathon/BuiltInTests","1414233148","1414244529"
"mzeis/Mzeis_Documentation","1435588857","1443976256"
"Daniel-Rafique/magento-customer-attribute","1393958405","1402919994"
"Cotya/Magento_StatisticsBase","1415141306","1415142362"
"Qixol/Qixol.Promo.Magento.Extension","1463734642","1482513455"
"ebanx-integration/ebanx-magento","1388162100","1482498354"
"Stevie-Ray/e-commerce-speech-assistance","1440577547","1459131077"
"UnDOTtitled/Magento_Untitled_AppliedPatches","1431945088","1431944908"
"sauloscf/Mage_RenewableProductsModule","1409802054","1475174079"
"jrohde/magento-onestepcheckout","1456939834","1467800738"
"Vout/magento-mobiledetect","1393422928","1396880094"
"augsteyer/componentk_injector","1427519786","1427519924"
"owebia/magento1-module-shipping-free","1456151176","1492619590"
"webgriffe/trackjs-extension","1450266242","1450274529"
"steverobbins/firegento-logger","1439585234","1422181996"
"alexpunct/google-tag-manager","1449395713","1450439073"
"checkout/checkout-magento-plugin","1428574403","1492505566"
"magento-hackathon/GridControl","1333192240","1464003238"
"astorm/magento-turpentine","1438794426","1438791747"
"riversy/magento-receiptful","1428680381","1438679045"
"outeredge/edge-magento-module-currencyapi","1448969351","1448970013"
"ProxiBlue/CatalogListFilters","1400724075","1469527400"
"encompe/magento-visanet","1381099358","1381096806"
"eeree/magento-add-validation-functionality-to-widget-fields","1442779680","1442777715"
"salt4pommes/Magento-HTML-Minify","1398351889","1488189560"
"jkowens/magento-jobqueue","1357189985","1491617896"
"openstream/No-Flash-Image-Uploader","1419853366","1475222364"
"stalniy/0step-checkout","1375261208","1380359408"
"qrz-io/onedayadmin","1425504984","1459762641"
"cgdangelo/magento-pointerlock-gallery","1376775940","1376772306"
"dbashyal/DC_Catalog","1402880305","1402877471"
"ProxiBlue/EventOnXPlacedOrder","1404717560","1404714750"
"augustash/ash_chaos","1422393654","1426805381"
"lcbrq/magento-LCB_Faq","1441186341","1490218756"
"ffuenf/Ffuenf_GoogleAnalyticsPlus","1433412978","1450629867"
"leoliew/magento-api","1448460277","1469838911"
"EliasKotlyar/CustomerGenderLayoutHandle","1446586682","1446586859"
"Zefiryn/magento-conversion-tracking","1397673481","1421350027"
"steveperrycreative/magento_spc_costattribute","1423485111","1423485330"
"FastShipping/fastshipping-magento","1449952182","1450667994"
"outeredge/edge-magento-module-lazyload","1445524577","1445525862"
"meanbee/MagentoMailcheck","1402140610","1442237983"
"degdigital/magento-order-lifecycle","1429388140","1429466511"
"outeredge/edge-magento-module-autobuypromotions","1425402817","1448986415"
"washingtonstateuniversity/WSUMAGE-theme-base","1473959657","1487957828"
"richard-ma/magneto-richardma-exportorder","1448595484","1449539822"
"gaugeinteractive/magento-nl2p","1422473228","1422483109"
"ericthehacker/magento-configscopehints","1416087461","1448842317"
"outeredge/edge-magento-module-loyalty","1429259822","1458733126"
"GluuFederation/gluu-oxd-login-magento-extention","1451986663","1490633592"
"sugestio/sugestio-magento","1309959021","1309955836"
"lcbrq/magento-LCB_InstantCheckout","1446504937","1446594673"
"outeredge/edge-magento-module-productattachments","1393419698","1434529604"
"melvyn-sopacua/NewRelic","1382451871","1425603728"
"goodahead/core","1389337089","1422986441"
"barbanet/magento-dc-decidir","1443682667","1445553442"
"tzyganu/ProductRelationsImport","1383753972","1384416729"
"dbashyal/Tcategory_ACL","1403590657","1405410693"
"lilmuckers/magento-lilmuckers_asynchronousindex-enterprise","1376384998","1431355975"
"DIBS-Payment-Services/Magento","1363591218","1481720337"
"4ntr4xvini/MetatagDescriptionDinamica","1435947210","1435945539"
"andrey-borgoyakov/yandex-metrica-magento-inserter","1461005025","1461002791"
"ebaschiera/checkout-magento-plugin","1463490321","1463486918"
"patrickbaber/Psquared_DisableStorefront","1423668351","1424363983"
"rbermani/affiliates-for-all-fork","1362779744","1362781187"
"webgriffe/store-redirect-extension","1430235655","1432019734"
"Militree/Militree_EnhancedProductGallery","1445367565","1457534382"
"philwinkle/AjaxSwatches","1441802463","1441800286"
"wss-world/magentoHelpSearchMenu","1410419261","1410417310"
"rskuipers/RK_TypeCMS","1378238489","1459240231"
"firegento/firegento-logger","1378551818","1486302772"
"patrykkata/pixelmachine-adminlocale","1445632722","1445795359"
"payu-br/bcash-magento-transparente","1439411465","1459882757"
"AOEpeople/Aoe_JsCssTstamp","1335380859","1480347287"
"rafaelpatro/correios","1439756022","1493207570"
"marcharding/Ffuenf_StockControl","1439905495","1439902365"
"vijayrami/custombackgroundimage","1483538383","1483540181"
"tarunmukherjee/magento-currency-exchange-rates","1392012158","1392018003"
"tiagosampaio/ApiPlus","1474671271","1478116260"
"amaton/RC","1442442092","1481725474"
"mikrotikAhmet/mbe-cpdev","1444152257","1444386673"
"kayako/magento-integration","1380525806","1487239694"
"augustash/ash_core","1361205642","1427750391"
"craigcarnell/magento-turpentine","1399542388","1464699202"
"matiashidalgo/RolesImprovement","1439809076","1441650868"
"praxigento/mage_ext_jira_feedback","1423674846","1426889875"
"tobias-forkel/Forkel_Resources","1449588796","1449495272"
"patrickbaber/Psquared_DisableRoutes","1416224753","1416236264"
"stevefritz/magento-order-category-filters","1465212098","1465443479"
"webgriffe/cms-helper-extension","1435763662","1435762808"
"AOEpeople/Aoe_CacheRefresh","1425399128","1426313730"
"Maikel-Koek/magento","1449652900","1467210367"
"degdigital/Aoe_CacheRefresh","1439238602","1439235191"
"Flagbit/Magento-ChangeAttributeSet","1303202671","1459754373"
"vijayrami/mageonly","1463344682","1479632658"
"liip/liip-magento-shared","1353007008","1439967243"
"clockworkgeek/formelements","1431441739","1434647147"
"jarjar123/correios","1418320328","1437565513"
"crippledpetey/nps_dev","1429898368","1430510412"
"tylerofathenry/Aimlessmedia_Pinterestimage","1433617488","1433684446"
"loyaltylion/loyaltylion-magento","1394115960","1486479513"
"guidance/Guidance_Error","1430310344","1431377780"
"springtimesoft/springtimesoft_raygun","1410901111","1439239289"
"rarespintea/magento-admin-locale","1430052227","1480247017"
"janbuelens/No-Flash-Image-Uploader","1443079808","1443078647"
"infielddesign/magento-MagSolr","1394215640","1423707343"
"jahvi/MinTotalQty","1443299119","1449135477"
"thegrommet/productfeed","1386782981","1392859255"
"avra911/magento_fwcap","1407397016","1423331977"
"philwinkle/Philwinkle_StaticBlockGridLinks","1433857635","1433855856"
"mmenozzi/b-responsive","1434440129","1416593270"
"krattai/ss-middleware","1427908176","1489801729"
"webbhuset/bugfix","1472297755","1490957273"
"wordpressure-co-kr/magento-jogging","1420611925","1450252031"
"washingtonstateuniversity/WSUMAGE-networksecurities","1473959348","1481149213"
"ffuenf/Ffuenf_Econda","1456158803","1467219526"
"ChainPay/Magento-ChainPay","1410004608","1422272272"
"progammer-rkt/Rkt_Config","1434096777","1434353512"
"winfrench51/product-registration","1457367531","1458135102"
"CodeByJoe/Magento_Toolbox","1419097696","1436733487"
"noglitchyo/mage-google-recaptcha","1439079337","1440856534"
"wh00527/magento-boilerplate","1442397749","1434671035"
"SylwesterKowal/magento.homebook","1479992729","1480032852"
"ecling/bellecat","1480584465","1491720111"
"otimizar/Facebook_Pixel","1453986432","1464295101"
"deved-it/magento-keen-io","1425997996","1426017793"
"exehs/magentoEquipe2","1409648365","1409905313"
"ffuenf/magento-turpentine","1400780536","1488270662"
"renatocason/reindeersw-danskeclick","1416071048","1416072638"
"dbashyal/Technooze_Tpoll","1396338354","1401090232"
"lukanetconsult/mage-google-adwords","1371797723","1461312182"
"MageMechanic/PhpSeven","1446958255","1461823951"
"Keyup/Magento-MassShipment","1422633746","1446643510"
"fascinosum/Depots","1431405687","1431412582"
"mridang/blacklight","1477493875","1477579690"
"ujwalasawant/magento-boilerplate","1441281918","1434671035"
"vipankumar1987/Infeenty_Newsletter","1399448682","1404996085"
"honewatson/Bootstrap-Mage","1330256506","1331002593"
"KoivuMage/Checkout-Finland-Magento-module","1441188118","1441184740"
"henkelund/magento-zkilleman-twitter","1315655503","1377113761"
"paveq/Checkout-Finland-Magento-module","1401949326","1401957673"
"CoScale/coscale-magento-extension","1439474278","1480430870"
"docebo/docebotp","1291651154","1304940795"
"trilexcom/Affiliates-For-All","1316952215","1315336403"
"henkelund/magento-zkilleman-lookbook","1333736483","1337101762"
"onesite/onesite-sso-magento-plugin","1331067027","1334846117"
"henkelund/magento-zkilleman-notify","1319194978","1349197617"
"kenzoj/KD_LowerPriceForm","1376496325","1377187812"
"henkelund/magento-zkilleman-piwik","1336219499","1337529838"
"Kompassi/Checkout-Finland-Magento-module","1326978899","1461307392"
"uab-balticode/dpd-shipping-module-magento-lt","1406557829","1423808322"
"dmsherazi/magento-product-qa","1439704480","1320913631"
"nul77/magento-product-qa","1426341289","1320913631"
"wyrdough/taxcloud-magento","1434170873","1434168418"
"Qixol/Qixol.Promo.Magento.Extension","1463734642","1482513455"
"henkelund/magento-zkilleman-checkout","1341740901","1396191954"
"improove/magento-zkilleman-navigator","1335958697","1316113150"