"Genmato/DemoProduct","1424014181","1424092463"
"GordonLesti/ContentVersion","1462702548","1462780019"
"PayboxByVerifone/Magento2","1472737076","1489758111"
"letunhatkong/wrm2","1469093204","1471058862"
"mageup/module-internalpayment","1481550943","1481556803"
"mage2pro/core","1459916554","1493232637"
"Smith-and-Associates/amazon-payments-magento-2-plugin","1479493691","1492531208"
"pmclain/module-twilio","1486091169","1490044560"
"compropago/plugin-magento-2","1454011107","1492017370"
"praxigento/mobi_mod_mage2_pv","1444660537","1490287035"
"baldwin-agency/magento2-module-less-js-compiler","1464863011","1465475398"
"springbot/magento2-queue","1457896463","1492110565"
"Monetra/monetra_magento2","1466617898","1493147582"
"Zilus/mage2-blog","1460667285","1461616193"
"aohorodnyk/module-debug-comment","1429980349","1429989062"
"fontera/m2-bash-completion","1460199249","1461618651"
"dealer4dealer/magento2-restapi","1471352258","1493113353"
"the-cocktail-america/magento2_blog","1462547772","1463600997"
"Instamojo/instamojo-magento-2","1473421075","1488359537"
"dotmailer/dotmailer-magento2-extension","1447677334","1490701917"
"tzyganu/m2-breadcrumbs","1410156572","1420494913"
"craigchristenson/magento2-2checkout","1454943988","1484169883"
"ctidigital/magento2-configurator","1467211871","1492783529"
"eltrino/PrintOrder","1427229178","1427801355"
"ClaudiuCreanga/magento2-store-locator-stockists-extension","1467565228","1491235060"
"Cotya/ComposerNotifyEndpointModule","1426467958","1426468099"
"Bogardo/Mailgun-Magento2","1466274506","1482329962"
"cangzhu/lvepay-php","1475895743","1475912956"
"pagseguro/magento2","1456517641","1491928742"
"Colognetworx/magento2-s3media","1486392387","1487011387"
"firebearstudio/ConfigurableProducts","1443251134","1443949454"
"rootindex/snapscan","1482829487","1482909987"
"Krifollk/magento-code-generator","1461605201","1465244161"
"letunhatkong/teletronm2","1486522709","1487926676"
"shockwavemk/magento2-module-mail-smtp","1451697837","1477294108"
"arvind07/productsgrid_magento2","1462788199","1465976771"
"Styopchik/SatelliteOperators","1471954923","1473857855"
"praxigento/mobi_mod_mage2_odoo","1457596096","1493134062"
"websharp/magento2-force-login","1462891210","1490044201"
"EaDesgin/magento2-pdf-generator2","1468325635","1492666731"
"praxigento/mobi_mod_mage2_accounting","1444661055","1493224378"
"flancer32/mage2_ext_repo","1480344719","1493008764"
"praxigento/mobi_mod_mage2_wallet","1444661171","1490282550"
"botamp/botamp-magento","1483527105","1490144938"
"unfunco/nye","1483218928","1483284244"
"expressly/magento2","1448273112","1449252028"
"sahirzm/magento2-megamenu","1481136631","1491490821"
"tunght13488/DemoProduct","1442482757","1424092463"
"magetut/module-advanced-search","1480348263","1482834569"
"praxigento/mobi_mod_mage2_warehouse","1457595822","1490282550"
"DanielSousa/rebuild-urlrewrite","1486955914","1488475059"
"scanpaydk/magento2-scanpay","1470419897","1493133549"
"magento-hackathon/FireGento_FastSimpleImport2","1453542603","1484503342"
"creatuity/magento2-blackfire-commands","1478730007","1492097585"
"snowio/magento2-extended-sales-repositories","1479482603","1481541569"
"praxigento/mage2_ext_logging","1448547623","1461676209"
"tinify/magento2-plugin","1452540633","1493223480"
"PartBerlin/AttributeUnits","1462792582","1467194180"
"krasilich/magento2_blog","1456929545","1457537725"
"springbot/magento2-plugin","1457363844","1492016730"
"dmatthew/magento2-module-brand","1462650061","1466217082"
"mttjohnson/wooly-parade-junction-box","1445430781","1445427950"
"sendpulse/mageia","1468234757","1468239850"
"flows-nl/magento2-api-extension","1480512177","1481011849"
"AydinHassan/m2-opcache-monitor","1486572849","1486595679"
"Krifollk/magento2-code-generator","1461605201","1465244161"
"UltimateModuleCreator/Umc_Base","1430737241","1474981672"
"Skydropx/skydrop-magento2","1482193659","1484172195"
"maximgubar/m2-config","1461575038","1462184853"
"neyamtux/support","1457786150","1461558515"
"quickshiftin/mage2-ordered-assets","1462049719","1490787763"
"andrewhowdencom/magento2-kubernetes","1450675274","1488551777"
"Worldpay/worldpay-magento2","1462529428","1481210187"
"outeredge/magento-module-base","1392288766","1489162515"
"swarming/subscribepro-magento2-ext","1473431117","1490970258"
"zsoerenm/magento2-optionaltelephone","1485697123","1489736129"
"magento-hackathon/FireGento_FastSimpleImport2_Demo","1453573238","1489081430"
"harveyvo/magento2-office","1464863404","1464921363"
"CreDevLabz/Marketplace","1448268927","1448269669"
"windigo00/m2_module_blog","1459850319","1459903486"
"bangerkuwranger/magento2-google-cloud-storage","1483473448","1486363730"
"section-io/magento-metrics","1473456662","1484175671"
"PartBerlin/AdvLayNav","1457427989","1485857752"
"checkout/checkout-magento2-plugin","1491494999","1491817352"
"astorm/magento2-pestle-platonic-module-output","1487094999","1487188993"
"bitExpert/magento2-force-login","1457883786","1493025613"
"cdiacon/dotmailer-magento2-extension","1456479997","1490701917"
"Nabooru/module-address-validation-adapter-dummy","1454241857","1454245100"
"shockwavemk/magento2-module-cron-schedule","1466964078","1470813892"
"ho-nl/magento2-Ho_Templatehints","1465424805","1484312449"
"strakertranslations/magento2-extension","1475529965","1491251630"
"yvoronoy/magento2-bash-completion","1465596548","1490001979"
"cois-io/m2-dev-env","1465321312","1467196960"
"paystand/paystand-magento2","1453402964","1480292519"
"lillik/magento2-price-decimal","1487081013","1490648213"
"praxigento/mobi_mage2_theme","1456317055","1484658460"
"praxigento/mobi_mod_mage2_bonus_global_sales","1456834943","1484224931"
"firegento/firegento-pdf2","1461572163","1461772607"
"voodoobulksms/tgm-voodoo","1455797008","1459928634"
"praxigento/mobi_mod_mage2_bonus_hybrid","1452683817","1493212114"
"Mondido/magento2","1476191907","1492606274"
"signifyd/magento2","1437448265","1493039956"
"Genmato/MageStackTable","1424001331","1424001477"
"srbarba/magento2-hide-orders","1478647580","1479077499"
"praxigento/mobi_app_generic_mage2","1444660347","1493136428"
"fastly/fastly-magento2","1456192495","1493235895"
"Artera/module-privacy","1460720852","1469180154"
"maximgubar/m2-rokka","1464079299","1468394559"
"oppositeofgreen/OppositeOfGreen_RapidFlow","1473864601","1477498110"
"sweettooth/magento2-module-webhook","1442166356","1442525186"
"feelinc/magento2-checkout-unique-grand-total","1486102720","1486106182"
"praxigento/mobi_mod_mage2_bonus_retail","1444661339","1459431044"
"firegento/FireGento_FastSimpleImport2","1453542603","1484503342"
"aligent/algoliasearch-magento-2","1465529837","1489624673"
"configure-tech/Configurator","1470560867","1470573976"
"glewio/glew-magento2-service","1478122561","1484054365"
"amitshree/magento2-marketplace","1491234388","1493231910"
"letunhatkong/tradebanner","1477882426","1492745377"
"phemellc/magento2-facebook-likes","1459743901","1464595587"
"tuyennn/Magento2-Product-Facebook-Comment","1483865230","1493193774"
"mwr/Magento2-BackendWidgetApplicationMode","1448607948","1478069203"
"wirecard/magento2-wcp","1460026086","1487322097"
"tzyganu/magento2-stock-filter","1420379497","1420379586"
"Artera/magento2-privacy","1460720852","1469180154"
"DavidLambauer/Magento2-WidgetImageUpload","1472156588","1482401439"
"coingate/magento2-plugin","1459780960","1492604737"
"magentodevleper/Bases","1481260927","1488189821"
"subscribepro/subscribepro-magento2-ext","1471954561","1492021444"
"praxigento/mobi_mod_mage2_dashboard","1444661420","1459432073"
"craftyclicks/magento2","1436874848","1491219778"
"iproger/magento2-module-deployment-progressbar","1486239852","1487695888"
"mageware/magento2-common","1484318375","1484399543"
"to-bai/magento2-geo-ip2","1449750830","1485086945"
"to-bai/magento2-buyer-review","1449751746","1449751617"
"enettolima/magento-training","1466538759","1466690643"
"praxigento/mobi_mod_mage2_bonus_base","1444661267","1490282550"
"Cotya/DebugModule","1425185374","1444596201"
"magewonder/magento2-smtp","1467074808","1467818197"
"ram10raj/Gcs","1488191535","1488192319"
"EaDesgin/magento2-warehouses","1470727626","1485881002"
"GLD110/magento","1459168298","1473565174"
"firebearstudio/importexport","1441728837","1492587083"
"praxigento/mobi_mod_mage2_downline","1444660988","1492530664"
"edudeleon/hivewyre-magento2connector","1456514146","1457615064"
"praxigento/mobi_mod_mage2_bonus_loyalty","1455795826","1484224931"
"pleminh/magemtoo","1451272916","1466210093"
"amzn/amazon-payments-magento-2-plugin","1464372003","1493029792"
"Dopamedia/StateMachine","1468516801","1470580200"
"outeredge/magento-layout-module","1460022485","1476113153"
"ebanx-integration/ebanx-magento2","1476726320","1476959889"
"omise/omise-magento","1429703156","1491943892"
"LTC-fperrin/Ltc_AdvancedTemplateHints","1455269353","1457340692"
"to-bai/magento2-geo-store-switcher","1449752224","1485087617"
"mobilpay/Magento","1417008100","1487600155"
"inviqa/MX_HelperBar","1462782786","1473680274"
"outeredge/magento-additionalproduct-module","1480506743","1481119090"
"magecodenet/m2-admin-order-fix","1478011685","1478802476"
"fredrikblanco/magemoddemo","1448793142","1448797216"
"Voicyou/ProductViews","1484487676","1492336096"
"henkelund/magento2-henhed-piwik","1450620922","1488488964"
"eboekhouden/magento2-export","1460977890","1460977593"
"anupdugar/SampleM2Api","1424180921","1424207137"
"magento-hackathon/m2-pretty-url","1453545170","1453575601"
"kaviarasankk/Magekmf","1483921026","1483921504"
"ClaudiuCreanga/magento2-product-stock-import-extension","1484240726","1484589002"
"Codaone/magento2_logitrail_module","1480949536","1491993825"
"PartBerlin/Decimal","1464091731","1486483220"
"Nabooru/module-address-validation-core","1454241747","1454245103"
"Iazel/magento2-regenurl","1477476149","1485898921"
"jnodwell/TwitterFeed","1481398021","1481398545"
"ritgrad10/dual-category-navigation","1454963522","1454975042"
"bashconsole/magento2-recaptcha","1483550397","1483604948"
"praxigento/mobi_mod_mage2_core","1444660424","1493224378"
"shockwavemk/magento2-module-mail","1451649968","1476732150"
"lenlorijn/theme-generator","1472897745","1473707056"
"cedcommerce/magneto-2-sample-shipping-module","1443003642","1447762552"
"windigo00/module_blog","1459907292","1460344460"
"ericthehacker/magento2-configscopehints","1429460100","1483800531"
"yireo/Yireo_NewRelic2","1438017381","1482346488"
"josephmcdermott/Article-Magento2-Payment","1437309564","1437319669"
"magento-hackathon/Hackathon_Blog","1432888035","1433970081"
"jzahedieh/Magento2-FileConfigurator","1440502186","1444149690"
"brunoroeder/magento2-Pagarme","1481509797","1483137030"
"mjankiewicz/MagentoConfigurableProduct","1472388387","1472624065"